{"cameraMode":{"drawMode":0,"name":"Shaded","section":"Shading Mode"},"sceneLighting":false,"audioPlay":false,"sceneViewState":{"m_AlwaysRefresh":false,"showFog":true,"showSkybox":false,"showFlares":true,"showImageEffects":true,"showParticleSystems":true,"showVisualEffectGraphs":true,"m_FxEnabled":true},"in2DMode":false,"pivot":{"x":-7.599804878234863,"y":4.0254621505737309,"z":-1.8020715713500977},"rotation":{"x":0.08388493955135346,"y":-0.020873969420790674,"z":0.0017580743879079819,"w":0.9962812066078186},"size":6.013904571533203,"orthographic":false}